"group","position","value","feature"
"Homeostatic Microglia",-259,0.299459824442944,"IRF1"
"Homeostatic Microglia",-258,0.2457798784605,"IRF1"
"Homeostatic Microglia",-257,0.25286968264686,"IRF1"
"Homeostatic Microglia",-256,0.322754895340986,"IRF1"
"Homeostatic Microglia",-255,0.322417285617826,"IRF1"
"Homeostatic Microglia",-254,0.357191087103309,"IRF1"
"Homeostatic Microglia",-253,0.320054017555706,"IRF1"
"Homeostatic Microglia",-252,0.329844699527346,"IRF1"
"Homeostatic Microglia",-251,0.356515867656989,"IRF1"
"Homeostatic Microglia",-250,0.350101282916948,"IRF1"
"Homeostatic Microglia",-249,0.314989871708305,"IRF1"
"Homeostatic Microglia",-248,0.334908845374747,"IRF1"
"Homeostatic Microglia",-247,0.322079675894666,"IRF1"
"Homeostatic Microglia",-246,0.339972991222147,"IRF1"
"Homeostatic Microglia",-245,0.328494260634706,"IRF1"
"Homeostatic Microglia",-244,0.355165428764348,"IRF1"
"Homeostatic Microglia",-243,0.326806212018906,"IRF1"
"Homeostatic Microglia",-242,0.299459824442944,"IRF1"
"Homeostatic Microglia",-241,0.335584064821067,"IRF1"
"Homeostatic Microglia",-240,0.314989871708305,"IRF1"
"Homeostatic Microglia",-239,0.329169480081026,"IRF1"
"Homeostatic Microglia",-238,0.310263335584065,"IRF1"
"Homeostatic Microglia",-237,0.316002700877785,"IRF1"
"Homeostatic Microglia",-236,0.284604996623903,"IRF1"
"Homeostatic Microglia",-235,0.303848750844024,"IRF1"
"Homeostatic Microglia",-234,0.322417285617826,"IRF1"
"Homeostatic Microglia",-233,0.337609723160027,"IRF1"
"Homeostatic Microglia",-232,0.346049966239028,"IRF1"
"Homeostatic Microglia",-231,0.303173531397704,"IRF1"
"Homeostatic Microglia",-230,0.345712356515868,"IRF1"
"Homeostatic Microglia",-229,0.352802160702228,"IRF1"
"Homeostatic Microglia",-228,0.352126941255908,"IRF1"
"Homeostatic Microglia",-227,0.327819041188386,"IRF1"
"Homeostatic Microglia",-226,0.311613774476705,"IRF1"
"Homeostatic Microglia",-225,0.340648210668467,"IRF1"
"Homeostatic Microglia",-224,0.332207967589467,"IRF1"
"Homeostatic Microglia",-223,0.328156650911546,"IRF1"
"Homeostatic Microglia",-222,0.306887238352465,"IRF1"
"Homeostatic Microglia",-221,0.308237677245105,"IRF1"
"Homeostatic Microglia",-220,0.312288993923025,"IRF1"
"Homeostatic Microglia",-219,0.295070898041864,"IRF1"
"Homeostatic Microglia",-218,0.349763673193788,"IRF1"
"Homeostatic Microglia",-217,0.304186360567184,"IRF1"
"Homeostatic Microglia",-216,0.293382849426063,"IRF1"
"Homeostatic Microglia",-215,0.332207967589467,"IRF1"
"Homeostatic Microglia",-214,0.343011478730587,"IRF1"
"Homeostatic Microglia",-213,0.327819041188386,"IRF1"
"Homeostatic Microglia",-212,0.335584064821067,"IRF1"
"Homeostatic Microglia",-211,0.348413234301148,"IRF1"
"Homeostatic Microglia",-210,0.322754895340986,"IRF1"
"Homeostatic Microglia",-209,0.334908845374747,"IRF1"
"Homeostatic Microglia",-208,0.37575962187711,"IRF1"
"Homeostatic Microglia",-207,0.346049966239028,"IRF1"
"Homeostatic Microglia",-206,0.307562457798785,"IRF1"
"Homeostatic Microglia",-205,0.348750844024308,"IRF1"
"Homeostatic Microglia",-204,0.324105334233626,"IRF1"
"Homeostatic Microglia",-203,0.362255232950709,"IRF1"
"Homeostatic Microglia",-202,0.364956110735989,"IRF1"
"Homeostatic Microglia",-201,0.285617825793383,"IRF1"
"Homeostatic Microglia",-200,0.333220796758947,"IRF1"
"Homeostatic Microglia",-199,0.319041188386226,"IRF1"
"Homeostatic Microglia",-198,0.329844699527346,"IRF1"
"Homeostatic Microglia",-197,0.331870357866307,"IRF1"
"Homeostatic Microglia",-196,0.284942606347063,"IRF1"
"Homeostatic Microglia",-195,0.302835921674544,"IRF1"
"Homeostatic Microglia",-194,0.37137069547603,"IRF1"
"Homeostatic Microglia",-193,0.328494260634706,"IRF1"
"Homeostatic Microglia",-192,0.330182309250506,"IRF1"
"Homeostatic Microglia",-191,0.306549628629305,"IRF1"
"Homeostatic Microglia",-190,0.297096556380824,"IRF1"
"Homeostatic Microglia",-189,0.321742066171506,"IRF1"
"Homeostatic Microglia",-188,0.327481431465226,"IRF1"
"Homeostatic Microglia",-187,0.334571235651587,"IRF1"
"Homeostatic Microglia",-186,0.342673869007427,"IRF1"
"Homeostatic Microglia",-185,0.306887238352465,"IRF1"
"Homeostatic Microglia",-184,0.325118163403106,"IRF1"
"Homeostatic Microglia",-183,0.307900067521945,"IRF1"
"Homeostatic Microglia",-182,0.347062795408508,"IRF1"
"Homeostatic Microglia",-181,0.358879135719109,"IRF1"
"Homeostatic Microglia",-180,0.321742066171506,"IRF1"
"Homeostatic Microglia",-179,0.333558406482107,"IRF1"
"Homeostatic Microglia",-178,0.308575286968265,"IRF1"
"Homeostatic Microglia",-177,0.331870357866307,"IRF1"
"Homeostatic Microglia",-176,0.350776502363268,"IRF1"
"Homeostatic Microglia",-175,0.348750844024308,"IRF1"
"Homeostatic Microglia",-174,0.348075624577988,"IRF1"
"Homeostatic Microglia",-173,0.323092505064146,"IRF1"
"Homeostatic Microglia",-172,0.323767724510466,"IRF1"
"Homeostatic Microglia",-171,0.299122214719784,"IRF1"
"Homeostatic Microglia",-170,0.311613774476705,"IRF1"
"Homeostatic Microglia",-169,0.325455773126266,"IRF1"
"Homeostatic Microglia",-168,0.37204591492235,"IRF1"
"Homeostatic Microglia",-167,0.346387575962188,"IRF1"
"Homeostatic Microglia",-166,0.316677920324105,"IRF1"
"Homeostatic Microglia",-165,0.294395678595544,"IRF1"
"Homeostatic Microglia",-164,0.278865631330182,"IRF1"
"Homeostatic Microglia",-163,0.332883187035787,"IRF1"
"Homeostatic Microglia",-162,0.292370020256583,"IRF1"
"Homeostatic Microglia",-161,0.300810263335584,"IRF1"
"Homeostatic Microglia",-160,0.323430114787306,"IRF1"
"Homeostatic Microglia",-159,0.310263335584065,"IRF1"
"Homeostatic Microglia",-158,0.309250506414585,"IRF1"
"Homeostatic Microglia",-157,0.324780553679946,"IRF1"
"Homeostatic Microglia",-156,0.292370020256583,"IRF1"
"Homeostatic Microglia",-155,0.324442943956786,"IRF1"
"Homeostatic Microglia",-154,0.329844699527346,"IRF1"
"Homeostatic Microglia",-153,0.349088453747468,"IRF1"
"Homeostatic Microglia",-152,0.316340310600945,"IRF1"
"Homeostatic Microglia",-151,0.289331532748143,"IRF1"
"Homeostatic Microglia",-150,0.307900067521945,"IRF1"
"Homeostatic Microglia",-149,0.326806212018906,"IRF1"
"Homeostatic Microglia",-148,0.37677245104659,"IRF1"
"Homeostatic Microglia",-147,0.335921674544227,"IRF1"
"Homeostatic Microglia",-146,0.312964213369345,"IRF1"
"Homeostatic Microglia",-145,0.338960162052667,"IRF1"
"Homeostatic Microglia",-144,0.332883187035787,"IRF1"
"Homeostatic Microglia",-143,0.339972991222147,"IRF1"
"Homeostatic Microglia",-142,0.340310600945307,"IRF1"
"Homeostatic Microglia",-141,0.300472653612424,"IRF1"
"Homeostatic Microglia",-140,0.308237677245105,"IRF1"
"Homeostatic Microglia",-139,0.354827819041188,"IRF1"
"Homeostatic Microglia",-138,0.360567184334909,"IRF1"
"Homeostatic Microglia",-137,0.349426063470628,"IRF1"
"Homeostatic Microglia",-136,0.352126941255908,"IRF1"
"Homeostatic Microglia",-135,0.334571235651587,"IRF1"
"Homeostatic Microglia",-134,0.320391627278866,"IRF1"
"Homeostatic Microglia",-133,0.384537474679271,"IRF1"
"Homeostatic Microglia",-132,0.341998649561107,"IRF1"
"Homeostatic Microglia",-131,0.397704253882512,"IRF1"
"Homeostatic Microglia",-130,0.365631330182309,"IRF1"
"Homeostatic Microglia",-129,0.358879135719109,"IRF1"
"Homeostatic Microglia",-128,0.344024307900068,"IRF1"
"Homeostatic Microglia",-127,0.337947332883187,"IRF1"
"Homeostatic Microglia",-126,0.323092505064146,"IRF1"
"Homeostatic Microglia",-125,0.330182309250506,"IRF1"
"Homeostatic Microglia",-124,0.357866306549629,"IRF1"
"Homeostatic Microglia",-123,0.366981769074949,"IRF1"
"Homeostatic Microglia",-122,0.339297771775827,"IRF1"
"Homeostatic Microglia",-121,0.334233625928427,"IRF1"
"Homeostatic Microglia",-120,0.337272113436867,"IRF1"
"Homeostatic Microglia",-119,0.335246455097907,"IRF1"
"Homeostatic Microglia",-118,0.349426063470628,"IRF1"
"Homeostatic Microglia",-117,0.347062795408508,"IRF1"
"Homeostatic Microglia",-116,0.381836596893991,"IRF1"
"Homeostatic Microglia",-115,0.427413909520594,"IRF1"
"Homeostatic Microglia",-114,0.381498987170831,"IRF1"
"Homeostatic Microglia",-113,0.361580013504389,"IRF1"
"Homeostatic Microglia",-112,0.37035786630655,"IRF1"
"Homeostatic Microglia",-111,0.353139770425388,"IRF1"
"Homeostatic Microglia",-110,0.382849426063471,"IRF1"
"Homeostatic Microglia",-109,0.454085077650236,"IRF1"
"Homeostatic Microglia",-108,0.415935178933153,"IRF1"
"Homeostatic Microglia",-107,0.419648885887914,"IRF1"
"Homeostatic Microglia",-106,0.357191087103309,"IRF1"
"Homeostatic Microglia",-105,0.37542201215395,"IRF1"
"Homeostatic Microglia",-104,0.38014854827819,"IRF1"
"Homeostatic Microglia",-103,0.430790006752194,"IRF1"
"Homeostatic Microglia",-102,0.424713031735314,"IRF1"
"Homeostatic Microglia",-101,0.337947332883187,"IRF1"
"Homeostatic Microglia",-100,0.332545577312627,"IRF1"
"Homeostatic Microglia",-99,0.409182984469953,"IRF1"
"Homeostatic Microglia",-98,0.362592842673869,"IRF1"
"Homeostatic Microglia",-97,0.395003376097232,"IRF1"
"Homeostatic Microglia",-96,0.37609723160027,"IRF1"
"Homeostatic Microglia",-95,0.394328156650912,"IRF1"
"Homeostatic Microglia",-94,0.348075624577988,"IRF1"
"Homeostatic Microglia",-93,0.381836596893991,"IRF1"
"Homeostatic Microglia",-92,0.416948008102633,"IRF1"
"Homeostatic Microglia",-91,0.367994598244429,"IRF1"
"Homeostatic Microglia",-90,0.349426063470628,"IRF1"
"Homeostatic Microglia",-89,0.319041188386226,"IRF1"
"Homeostatic Microglia",-88,0.366981769074949,"IRF1"
"Homeostatic Microglia",-87,0.38082376772451,"IRF1"
"Homeostatic Microglia",-86,0.37002025658339,"IRF1"
"Homeostatic Microglia",-85,0.341323430114787,"IRF1"
"Homeostatic Microglia",-84,0.357528696826469,"IRF1"
"Homeostatic Microglia",-83,0.398717083051992,"IRF1"
"Homeostatic Microglia",-82,0.410533423362593,"IRF1"
"Homeostatic Microglia",-81,0.381836596893991,"IRF1"
"Homeostatic Microglia",-80,0.37002025658339,"IRF1"
"Homeostatic Microglia",-79,0.366644159351789,"IRF1"
"Homeostatic Microglia",-78,0.367319378798109,"IRF1"
"Homeostatic Microglia",-77,0.384875084402431,"IRF1"
"Homeostatic Microglia",-76,0.428426738690074,"IRF1"
"Homeostatic Microglia",-75,0.365293720459149,"IRF1"
"Homeostatic Microglia",-74,0.36900742741391,"IRF1"
"Homeostatic Microglia",-73,0.367994598244429,"IRF1"
"Homeostatic Microglia",-72,0.361917623227549,"IRF1"
"Homeostatic Microglia",-71,0.397029034436192,"IRF1"
"Homeostatic Microglia",-70,0.388926401080351,"IRF1"
"Homeostatic Microglia",-69,0.36968264686023,"IRF1"
"Homeostatic Microglia",-68,0.393652937204591,"IRF1"
"Homeostatic Microglia",-67,0.37002025658339,"IRF1"
"Homeostatic Microglia",-66,0.395003376097232,"IRF1"
"Homeostatic Microglia",-65,0.37711006076975,"IRF1"
"Homeostatic Microglia",-64,0.38082376772451,"IRF1"
"Homeostatic Microglia",-63,0.414922349763673,"IRF1"
"Homeostatic Microglia",-62,0.37103308575287,"IRF1"
"Homeostatic Microglia",-61,0.398717083051992,"IRF1"
"Homeostatic Microglia",-60,0.417623227548953,"IRF1"
"Homeostatic Microglia",-59,0.406144496961513,"IRF1"
"Homeostatic Microglia",-58,0.37947332883187,"IRF1"
"Homeostatic Microglia",-57,0.416272788656313,"IRF1"
"Homeostatic Microglia",-56,0.431465226198515,"IRF1"
"Homeostatic Microglia",-55,0.385550303848751,"IRF1"
"Homeostatic Microglia",-54,0.425388251181634,"IRF1"
"Homeostatic Microglia",-53,0.417960837272113,"IRF1"
"Homeostatic Microglia",-52,0.410533423362593,"IRF1"
"Homeostatic Microglia",-51,0.429439567859554,"IRF1"
"Homeostatic Microglia",-50,0.433153274814315,"IRF1"
"Homeostatic Microglia",-49,0.405469277515192,"IRF1"
"Homeostatic Microglia",-48,0.397704253882512,"IRF1"
"Homeostatic Microglia",-47,0.435178933153275,"IRF1"
"Homeostatic Microglia",-46,0.412221471978393,"IRF1"
"Homeostatic Microglia",-45,0.412559081701553,"IRF1"
"Homeostatic Microglia",-44,0.393652937204591,"IRF1"
"Homeostatic Microglia",-43,0.407157326130993,"IRF1"
"Homeostatic Microglia",-42,0.419648885887914,"IRF1"
"Homeostatic Microglia",-41,0.393652937204591,"IRF1"
"Homeostatic Microglia",-40,0.458474004051317,"IRF1"
"Homeostatic Microglia",-39,0.395678595543552,"IRF1"
"Homeostatic Microglia",-38,0.399054692775152,"IRF1"
"Homeostatic Microglia",-37,0.395003376097232,"IRF1"
"Homeostatic Microglia",-36,0.412559081701553,"IRF1"
"Homeostatic Microglia",-35,0.441255908170155,"IRF1"
"Homeostatic Microglia",-34,0.362592842673869,"IRF1"
"Homeostatic Microglia",-33,0.438217420661715,"IRF1"
"Homeostatic Microglia",-32,0.391964888588791,"IRF1"
"Homeostatic Microglia",-31,0.402093180283592,"IRF1"
"Homeostatic Microglia",-30,0.440918298446995,"IRF1"
"Homeostatic Microglia",-29,0.416272788656313,"IRF1"
"Homeostatic Microglia",-28,0.406144496961513,"IRF1"
"Homeostatic Microglia",-27,0.425050641458474,"IRF1"
"Homeostatic Microglia",-26,0.489196488858879,"IRF1"
"Homeostatic Microglia",-25,0.418298446995273,"IRF1"
"Homeostatic Microglia",-24,0.388588791357191,"IRF1"
"Homeostatic Microglia",-23,0.400067521944632,"IRF1"
"Homeostatic Microglia",-22,0.397029034436192,"IRF1"
"Homeostatic Microglia",-21,0.428764348413234,"IRF1"
"Homeostatic Microglia",-20,0.422012153950034,"IRF1"
"Homeostatic Microglia",-19,0.423700202565834,"IRF1"
"Homeostatic Microglia",-18,0.36934503713707,"IRF1"
"Homeostatic Microglia",-17,0.351114112086428,"IRF1"
"Homeostatic Microglia",-16,0.366644159351789,"IRF1"
"Homeostatic Microglia",-15,0.290344361917623,"IRF1"
"Homeostatic Microglia",-14,0.317690749493585,"IRF1"
"Homeostatic Microglia",-13,0.287981093855503,"IRF1"
"Homeostatic Microglia",-12,0.243079000675219,"IRF1"
"Homeostatic Microglia",-11,0.280553679945982,"IRF1"
"Homeostatic Microglia",-10,0.215395003376097,"IRF1"
"Homeostatic Microglia",-9,0.187711006076975,"IRF1"
"Homeostatic Microglia",-8,0.196488858879136,"IRF1"
"Homeostatic Microglia",-7,0.166103983794733,"IRF1"
"Homeostatic Microglia",-6,0.106347062795409,"IRF1"
"Homeostatic Microglia",-5,0.219446320054018,"IRF1"
"Homeostatic Microglia",-4,0.177920324105334,"IRF1"
"Homeostatic Microglia",-3,0.150911546252532,"IRF1"
"Homeostatic Microglia",-2,0.112424037812289,"IRF1"
"Homeostatic Microglia",-1,0.0847400405131668,"IRF1"
"Homeostatic Microglia",0,0.0523295070898042,"IRF1"
"Homeostatic Microglia",1,0.146860229574612,"IRF1"
"Homeostatic Microglia",2,0.100607697501688,"IRF1"
"Homeostatic Microglia",3,0.192437542201215,"IRF1"
"Homeostatic Microglia",4,0.0806887238352465,"IRF1"
"Homeostatic Microglia",5,0.169817690749494,"IRF1"
"Homeostatic Microglia",6,0.099932478055368,"IRF1"
"Homeostatic Microglia",7,0.180283592167454,"IRF1"
"Homeostatic Microglia",8,0.136731937879811,"IRF1"
"Homeostatic Microglia",9,0.228899392302498,"IRF1"
"Homeostatic Microglia",10,0.148548278190412,"IRF1"
"Homeostatic Microglia",11,0.24679270762998,"IRF1"
"Homeostatic Microglia",12,0.204929101958136,"IRF1"
"Homeostatic Microglia",13,0.290006752194463,"IRF1"
"Homeostatic Microglia",14,0.231600270087779,"IRF1"
"Homeostatic Microglia",15,0.291357191087103,"IRF1"
"Homeostatic Microglia",16,0.209655638082377,"IRF1"
"Homeostatic Microglia",17,0.285955435516543,"IRF1"
"Homeostatic Microglia",18,0.37373396353815,"IRF1"
"Homeostatic Microglia",19,0.384199864956111,"IRF1"
"Homeostatic Microglia",20,0.343686698176908,"IRF1"
"Homeostatic Microglia",21,0.330182309250506,"IRF1"
"Homeostatic Microglia",22,0.320729237002026,"IRF1"
"Homeostatic Microglia",23,0.38048615800135,"IRF1"
"Homeostatic Microglia",24,0.37373396353815,"IRF1"
"Homeostatic Microglia",25,0.37744767049291,"IRF1"
"Homeostatic Microglia",26,0.365968939905469,"IRF1"
"Homeostatic Microglia",27,0.358879135719109,"IRF1"
"Homeostatic Microglia",28,0.37711006076975,"IRF1"
"Homeostatic Microglia",29,0.350776502363268,"IRF1"
"Homeostatic Microglia",30,0.403106009453072,"IRF1"
"Homeostatic Microglia",31,0.367319378798109,"IRF1"
"Homeostatic Microglia",32,0.360567184334909,"IRF1"
"Homeostatic Microglia",33,0.395003376097232,"IRF1"
"Homeostatic Microglia",34,0.366644159351789,"IRF1"
"Homeostatic Microglia",35,0.383862255232951,"IRF1"
"Homeostatic Microglia",36,0.410195813639433,"IRF1"
"Homeostatic Microglia",37,0.37474679270763,"IRF1"
"Homeostatic Microglia",38,0.361580013504389,"IRF1"
"Homeostatic Microglia",39,0.354490209318028,"IRF1"
"Homeostatic Microglia",40,0.37812288993923,"IRF1"
"Homeostatic Microglia",41,0.334233625928427,"IRF1"
"Homeostatic Microglia",42,0.355165428764348,"IRF1"
"Homeostatic Microglia",43,0.381498987170831,"IRF1"
"Homeostatic Microglia",44,0.400067521944632,"IRF1"
"Homeostatic Microglia",45,0.344361917623228,"IRF1"
"Homeostatic Microglia",46,0.333558406482107,"IRF1"
"Homeostatic Microglia",47,0.315665091154625,"IRF1"
"Homeostatic Microglia",48,0.387575962187711,"IRF1"
"Homeostatic Microglia",49,0.37711006076975,"IRF1"
"Homeostatic Microglia",50,0.37575962187711,"IRF1"
"Homeostatic Microglia",51,0.353814989871708,"IRF1"
"Homeostatic Microglia",52,0.327819041188386,"IRF1"
"Homeostatic Microglia",53,0.326806212018906,"IRF1"
"Homeostatic Microglia",54,0.350438892640108,"IRF1"
"Homeostatic Microglia",55,0.282916948008103,"IRF1"
"Homeostatic Microglia",56,0.334908845374747,"IRF1"
"Homeostatic Microglia",57,0.320054017555706,"IRF1"
"Homeostatic Microglia",58,0.312964213369345,"IRF1"
"Homeostatic Microglia",59,0.321066846725186,"IRF1"
"Homeostatic Microglia",60,0.279878460499662,"IRF1"
"Homeostatic Microglia",61,0.315665091154625,"IRF1"
"Homeostatic Microglia",62,0.336596893990547,"IRF1"
"Homeostatic Microglia",63,0.25354490209318,"IRF1"
"Homeostatic Microglia",64,0.300135043889264,"IRF1"
"Homeostatic Microglia",65,0.285955435516543,"IRF1"
"Homeostatic Microglia",66,0.329844699527346,"IRF1"
"Homeostatic Microglia",67,0.339297771775827,"IRF1"
"Homeostatic Microglia",68,0.284942606347063,"IRF1"
"Homeostatic Microglia",69,0.275151924375422,"IRF1"
"Homeostatic Microglia",70,0.264348413234301,"IRF1"
"Homeostatic Microglia",71,0.296421336934504,"IRF1"
"Homeostatic Microglia",72,0.286293045239703,"IRF1"
"Homeostatic Microglia",73,0.307562457798785,"IRF1"
"Homeostatic Microglia",74,0.298446995273464,"IRF1"
"Homeostatic Microglia",75,0.264686022957461,"IRF1"
"Homeostatic Microglia",76,0.286968264686023,"IRF1"
"Homeostatic Microglia",77,0.294058068872384,"IRF1"
"Homeostatic Microglia",78,0.288656313301823,"IRF1"
"Homeostatic Microglia",79,0.271100607697502,"IRF1"
"Homeostatic Microglia",80,0.259621877110061,"IRF1"
"Homeostatic Microglia",81,0.242066171505739,"IRF1"
"Homeostatic Microglia",82,0.276502363268062,"IRF1"
"Homeostatic Microglia",83,0.279540850776502,"IRF1"
"Homeostatic Microglia",84,0.276164753544902,"IRF1"
"Homeostatic Microglia",85,0.24611748818366,"IRF1"
"Homeostatic Microglia",86,0.279203241053342,"IRF1"
"Homeostatic Microglia",87,0.288318703578663,"IRF1"
"Homeostatic Microglia",88,0.268062120189061,"IRF1"
"Homeostatic Microglia",89,0.294058068872384,"IRF1"
"Homeostatic Microglia",90,0.300135043889264,"IRF1"
"Homeostatic Microglia",91,0.226198514517218,"IRF1"
"Homeostatic Microglia",92,0.271100607697502,"IRF1"
"Homeostatic Microglia",93,0.282579338284943,"IRF1"
"Homeostatic Microglia",94,0.279540850776502,"IRF1"
"Homeostatic Microglia",95,0.257258609047941,"IRF1"
"Homeostatic Microglia",96,0.2525320729237,"IRF1"
"Homeostatic Microglia",97,0.24713031735314,"IRF1"
"Homeostatic Microglia",98,0.25016880486158,"IRF1"
"Homeostatic Microglia",99,0.236326806212019,"IRF1"
"Homeostatic Microglia",100,0.224848075624578,"IRF1"
"Homeostatic Microglia",101,0.266711681296421,"IRF1"
"Homeostatic Microglia",102,0.2491559756921,"IRF1"
"Homeostatic Microglia",103,0.262660364618501,"IRF1"
"Homeostatic Microglia",104,0.272788656313302,"IRF1"
"Homeostatic Microglia",105,0.268062120189061,"IRF1"
"Homeostatic Microglia",106,0.257258609047941,"IRF1"
"Homeostatic Microglia",107,0.263673193787981,"IRF1"
"Homeostatic Microglia",108,0.268399729912221,"IRF1"
"Homeostatic Microglia",109,0.285955435516543,"IRF1"
"Homeostatic Microglia",110,0.25523295070898,"IRF1"
"Homeostatic Microglia",111,0.267386900742741,"IRF1"
"Homeostatic Microglia",112,0.275151924375422,"IRF1"
"Homeostatic Microglia",113,0.285617825793383,"IRF1"
"Homeostatic Microglia",114,0.258946657663741,"IRF1"
"Homeostatic Microglia",115,0.25286968264686,"IRF1"
"Homeostatic Microglia",116,0.228561782579338,"IRF1"
"Homeostatic Microglia",117,0.269074949358542,"IRF1"
"Homeostatic Microglia",118,0.24848075624578,"IRF1"
"Homeostatic Microglia",119,0.277515192437542,"IRF1"
"Homeostatic Microglia",120,0.264010803511141,"IRF1"
"Homeostatic Microglia",121,0.265023632680621,"IRF1"
"Homeostatic Microglia",122,0.236664415935179,"IRF1"
"Homeostatic Microglia",123,0.2440918298447,"IRF1"
"Homeostatic Microglia",124,0.243754220121539,"IRF1"
"Homeostatic Microglia",125,0.25016880486158,"IRF1"
"Homeostatic Microglia",126,0.237002025658339,"IRF1"
"Homeostatic Microglia",127,0.273126266036462,"IRF1"
"Homeostatic Microglia",128,0.268737339635381,"IRF1"
"Homeostatic Microglia",129,0.238352464550979,"IRF1"
"Homeostatic Microglia",130,0.24544226873734,"IRF1"
"Homeostatic Microglia",131,0.237339635381499,"IRF1"
"Homeostatic Microglia",132,0.237002025658339,"IRF1"
"Homeostatic Microglia",133,0.25557056043214,"IRF1"
"Homeostatic Microglia",134,0.243754220121539,"IRF1"
"Homeostatic Microglia",135,0.273463875759622,"IRF1"
"Homeostatic Microglia",136,0.271100607697502,"IRF1"
"Homeostatic Microglia",137,0.278865631330182,"IRF1"
"Homeostatic Microglia",138,0.25016880486158,"IRF1"
"Homeostatic Microglia",139,0.306887238352465,"IRF1"
"Homeostatic Microglia",140,0.269412559081702,"IRF1"
"Homeostatic Microglia",141,0.291694800810263,"IRF1"
"Homeostatic Microglia",142,0.260972316002701,"IRF1"
"Homeostatic Microglia",143,0.25489534098582,"IRF1"
"Homeostatic Microglia",144,0.256920999324781,"IRF1"
"Homeostatic Microglia",145,0.25624577987846,"IRF1"
"Homeostatic Microglia",146,0.238352464550979,"IRF1"
"Homeostatic Microglia",147,0.239365293720459,"IRF1"
"Homeostatic Microglia",148,0.230587440918298,"IRF1"
"Homeostatic Microglia",149,0.25489534098582,"IRF1"
"Homeostatic Microglia",150,0.262660364618501,"IRF1"
"Homeostatic Microglia",151,0.257933828494261,"IRF1"
"Homeostatic Microglia",152,0.231600270087779,"IRF1"
"Homeostatic Microglia",153,0.24544226873734,"IRF1"
"Homeostatic Microglia",154,0.207292370020257,"IRF1"
"Homeostatic Microglia",155,0.261985145172181,"IRF1"
"Homeostatic Microglia",156,0.269074949358542,"IRF1"
"Homeostatic Microglia",157,0.266711681296421,"IRF1"
"Homeostatic Microglia",158,0.222822417285618,"IRF1"
"Homeostatic Microglia",159,0.212356515867657,"IRF1"
"Homeostatic Microglia",160,0.222147197839298,"IRF1"
"Homeostatic Microglia",161,0.258946657663741,"IRF1"
"Homeostatic Microglia",162,0.275151924375422,"IRF1"
"Homeostatic Microglia",163,0.264686022957461,"IRF1"
"Homeostatic Microglia",164,0.24611748818366,"IRF1"
"Homeostatic Microglia",165,0.25320729237002,"IRF1"
"Homeostatic Microglia",166,0.265361242403781,"IRF1"
"Homeostatic Microglia",167,0.2542201215395,"IRF1"
"Homeostatic Microglia",168,0.258609047940581,"IRF1"
"Homeostatic Microglia",169,0.227548953409858,"IRF1"
"Homeostatic Microglia",170,0.259959486833221,"IRF1"
"Homeostatic Microglia",171,0.269750168804862,"IRF1"
"Homeostatic Microglia",172,0.235989196488859,"IRF1"
"Homeostatic Microglia",173,0.24780553679946,"IRF1"
"Homeostatic Microglia",174,0.224172856178258,"IRF1"
"Homeostatic Microglia",175,0.265698852126941,"IRF1"
"Homeostatic Microglia",176,0.243079000675219,"IRF1"
"Homeostatic Microglia",177,0.260634706279541,"IRF1"
"Homeostatic Microglia",178,0.239365293720459,"IRF1"
"Homeostatic Microglia",179,0.238352464550979,"IRF1"
"Homeostatic Microglia",180,0.24848075624578,"IRF1"
"Homeostatic Microglia",181,0.25320729237002,"IRF1"
"Homeostatic Microglia",182,0.230587440918298,"IRF1"
"Homeostatic Microglia",183,0.257258609047941,"IRF1"
"Homeostatic Microglia",184,0.265361242403781,"IRF1"
"Homeostatic Microglia",185,0.238014854827819,"IRF1"
"Homeostatic Microglia",186,0.256920999324781,"IRF1"
"Homeostatic Microglia",187,0.260297096556381,"IRF1"
"Homeostatic Microglia",188,0.242741390952059,"IRF1"
"Homeostatic Microglia",189,0.240378122889939,"IRF1"
"Homeostatic Microglia",190,0.257596218771101,"IRF1"
"Homeostatic Microglia",191,0.24780553679946,"IRF1"
"Homeostatic Microglia",192,0.237339635381499,"IRF1"
"Homeostatic Microglia",193,0.239702903443619,"IRF1"
"Homeostatic Microglia",194,0.260297096556381,"IRF1"
"Homeostatic Microglia",195,0.262322754895341,"IRF1"
"Homeostatic Microglia",196,0.226873733963538,"IRF1"
"Homeostatic Microglia",197,0.265698852126941,"IRF1"
"Homeostatic Microglia",198,0.24611748818366,"IRF1"
"Homeostatic Microglia",199,0.288993923024983,"IRF1"
"Homeostatic Microglia",200,0.2508440243079,"IRF1"
"Homeostatic Microglia",201,0.24949358541526,"IRF1"
"Homeostatic Microglia",202,0.239365293720459,"IRF1"
"Homeostatic Microglia",203,0.25016880486158,"IRF1"
"Homeostatic Microglia",204,0.264686022957461,"IRF1"
"Homeostatic Microglia",205,0.24645509790682,"IRF1"
"Homeostatic Microglia",206,0.280216070222822,"IRF1"
"Homeostatic Microglia",207,0.283929777177583,"IRF1"
"Homeostatic Microglia",208,0.2525320729237,"IRF1"
"Homeostatic Microglia",209,0.262322754895341,"IRF1"
"Homeostatic Microglia",210,0.275151924375422,"IRF1"
"Homeostatic Microglia",211,0.281566509115463,"IRF1"
"Homeostatic Microglia",212,0.288656313301823,"IRF1"
"Homeostatic Microglia",213,0.260297096556381,"IRF1"
"Homeostatic Microglia",214,0.243416610398379,"IRF1"
"Homeostatic Microglia",215,0.279203241053342,"IRF1"
"Homeostatic Microglia",216,0.266374071573261,"IRF1"
"Homeostatic Microglia",217,0.278865631330182,"IRF1"
"Homeostatic Microglia",218,0.269074949358542,"IRF1"
"Homeostatic Microglia",219,0.265361242403781,"IRF1"
"Homeostatic Microglia",220,0.257596218771101,"IRF1"
"Homeostatic Microglia",221,0.265361242403781,"IRF1"
"Homeostatic Microglia",222,0.25050641458474,"IRF1"
"Homeostatic Microglia",223,0.266036461850101,"IRF1"
"Homeostatic Microglia",224,0.279203241053342,"IRF1"
"Homeostatic Microglia",225,0.283254557731263,"IRF1"
"Homeostatic Microglia",226,0.261309925725861,"IRF1"
"Homeostatic Microglia",227,0.282916948008103,"IRF1"
"Homeostatic Microglia",228,0.270087778528022,"IRF1"
"Homeostatic Microglia",229,0.292032410533423,"IRF1"
"Homeostatic Microglia",230,0.25286968264686,"IRF1"
"Homeostatic Microglia",231,0.306549628629305,"IRF1"
"Homeostatic Microglia",232,0.303173531397704,"IRF1"
"Homeostatic Microglia",233,0.311276164753545,"IRF1"
"Homeostatic Microglia",234,0.265023632680621,"IRF1"
"Homeostatic Microglia",235,0.306212018906145,"IRF1"
"Homeostatic Microglia",236,0.281904118838623,"IRF1"
"Homeostatic Microglia",237,0.278528021607022,"IRF1"
"Homeostatic Microglia",238,0.301823092505064,"IRF1"
"Homeostatic Microglia",239,0.278190411883862,"IRF1"
"Homeostatic Microglia",240,0.297096556380824,"IRF1"
"Homeostatic Microglia",241,0.282241728561783,"IRF1"
"Homeostatic Microglia",242,0.307224848075625,"IRF1"
"Homeostatic Microglia",243,0.275151924375422,"IRF1"
"Homeostatic Microglia",244,0.284267386900743,"IRF1"
"Homeostatic Microglia",245,0.324780553679946,"IRF1"
"Homeostatic Microglia",246,0.331532748143147,"IRF1"
"Homeostatic Microglia",247,0.299122214719784,"IRF1"
"Homeostatic Microglia",248,0.316677920324105,"IRF1"
"Homeostatic Microglia",249,0.294733288318704,"IRF1"
"Homeostatic Microglia",250,0.304861580013504,"IRF1"
"Homeostatic Microglia",251,0.317690749493585,"IRF1"
"Homeostatic Microglia",252,0.296758946657664,"IRF1"
"Homeostatic Microglia",253,0.290681971640783,"IRF1"
"Homeostatic Microglia",254,0.316677920324105,"IRF1"
"Homeostatic Microglia",255,0.310263335584065,"IRF1"
"Homeostatic Microglia",256,0.279203241053342,"IRF1"
"Homeostatic Microglia",257,0.317353139770425,"IRF1"
"Homeostatic Microglia",258,0.288318703578663,"IRF1"
"Homeostatic Microglia",259,0.207292370020257,"IRF1"
"Homeostatic Microglia",260,0.196488858879136,"IRF1"
"Homeostatic Microglia",261,0.183659689399055,"IRF1"
"IFN-Responsive Microglia",-259,0.497762863534676,"IRF1"
"IFN-Responsive Microglia",-258,0.381431767337808,"IRF1"
"IFN-Responsive Microglia",-257,0.423937360178971,"IRF1"
"IFN-Responsive Microglia",-256,0.531319910514541,"IRF1"
"IFN-Responsive Microglia",-255,0.544742729306488,"IRF1"
"IFN-Responsive Microglia",-254,0.560402684563758,"IRF1"
"IFN-Responsive Microglia",-253,0.553691275167785,"IRF1"
"IFN-Responsive Microglia",-252,0.517897091722595,"IRF1"
"IFN-Responsive Microglia",-251,0.620805369127517,"IRF1"
"IFN-Responsive Microglia",-250,0.539149888143177,"IRF1"
"IFN-Responsive Microglia",-249,0.527964205816555,"IRF1"
"IFN-Responsive Microglia",-248,0.508948545861298,"IRF1"
"IFN-Responsive Microglia",-247,0.542505592841163,"IRF1"
"IFN-Responsive Microglia",-246,0.530201342281879,"IRF1"
"IFN-Responsive Microglia",-245,0.598434004474273,"IRF1"
"IFN-Responsive Microglia",-244,0.600671140939597,"IRF1"
"IFN-Responsive Microglia",-243,0.505592841163311,"IRF1"
"IFN-Responsive Microglia",-242,0.47427293064877,"IRF1"
"IFN-Responsive Microglia",-241,0.524608501118568,"IRF1"
"IFN-Responsive Microglia",-240,0.526845637583893,"IRF1"
"IFN-Responsive Microglia",-239,0.520134228187919,"IRF1"
"IFN-Responsive Microglia",-238,0.524608501118568,"IRF1"
"IFN-Responsive Microglia",-237,0.506711409395973,"IRF1"
"IFN-Responsive Microglia",-236,0.492170022371365,"IRF1"
"IFN-Responsive Microglia",-235,0.504474272930649,"IRF1"
"IFN-Responsive Microglia",-234,0.560402684563758,"IRF1"
"IFN-Responsive Microglia",-233,0.587248322147651,"IRF1"
"IFN-Responsive Microglia",-232,0.570469798657718,"IRF1"
"IFN-Responsive Microglia",-231,0.527964205816555,"IRF1"
"IFN-Responsive Microglia",-230,0.623042505592841,"IRF1"
"IFN-Responsive Microglia",-229,0.593959731543624,"IRF1"
"IFN-Responsive Microglia",-228,0.588366890380313,"IRF1"
"IFN-Responsive Microglia",-227,0.541387024608501,"IRF1"
"IFN-Responsive Microglia",-226,0.544742729306488,"IRF1"
"IFN-Responsive Microglia",-225,0.620805369127517,"IRF1"
"IFN-Responsive Microglia",-224,0.562639821029083,"IRF1"
"IFN-Responsive Microglia",-223,0.51006711409396,"IRF1"
"IFN-Responsive Microglia",-222,0.568232662192394,"IRF1"
"IFN-Responsive Microglia",-221,0.540268456375839,"IRF1"
"IFN-Responsive Microglia",-220,0.531319910514541,"IRF1"
"IFN-Responsive Microglia",-219,0.536912751677852,"IRF1"
"IFN-Responsive Microglia",-218,0.549217002237136,"IRF1"
"IFN-Responsive Microglia",-217,0.563758389261745,"IRF1"
"IFN-Responsive Microglia",-216,0.517897091722595,"IRF1"
"IFN-Responsive Microglia",-215,0.576062639821029,"IRF1"
"IFN-Responsive Microglia",-214,0.573825503355705,"IRF1"
"IFN-Responsive Microglia",-213,0.5917225950783,"IRF1"
"IFN-Responsive Microglia",-212,0.530201342281879,"IRF1"
"IFN-Responsive Microglia",-211,0.587248322147651,"IRF1"
"IFN-Responsive Microglia",-210,0.540268456375839,"IRF1"
"IFN-Responsive Microglia",-209,0.565995525727069,"IRF1"
"IFN-Responsive Microglia",-208,0.597315436241611,"IRF1"
"IFN-Responsive Microglia",-207,0.61744966442953,"IRF1"
"IFN-Responsive Microglia",-206,0.531319910514541,"IRF1"
"IFN-Responsive Microglia",-205,0.522371364653244,"IRF1"
"IFN-Responsive Microglia",-204,0.532438478747204,"IRF1"
"IFN-Responsive Microglia",-203,0.612975391498881,"IRF1"
"IFN-Responsive Microglia",-202,0.620805369127517,"IRF1"
"IFN-Responsive Microglia",-201,0.470917225950783,"IRF1"
"IFN-Responsive Microglia",-200,0.493288590604027,"IRF1"
"IFN-Responsive Microglia",-199,0.523489932885906,"IRF1"
"IFN-Responsive Microglia",-198,0.517897091722595,"IRF1"
"IFN-Responsive Microglia",-197,0.532438478747204,"IRF1"
"IFN-Responsive Microglia",-196,0.497762863534676,"IRF1"
"IFN-Responsive Microglia",-195,0.501118568232662,"IRF1"
"IFN-Responsive Microglia",-194,0.570469798657718,"IRF1"
"IFN-Responsive Microglia",-193,0.503355704697987,"IRF1"
"IFN-Responsive Microglia",-192,0.548098434004474,"IRF1"
"IFN-Responsive Microglia",-191,0.504474272930649,"IRF1"
"IFN-Responsive Microglia",-190,0.456375838926175,"IRF1"
"IFN-Responsive Microglia",-189,0.557046979865772,"IRF1"
"IFN-Responsive Microglia",-188,0.531319910514541,"IRF1"
"IFN-Responsive Microglia",-187,0.527964205816555,"IRF1"
"IFN-Responsive Microglia",-186,0.606263982102908,"IRF1"
"IFN-Responsive Microglia",-185,0.523489932885906,"IRF1"
"IFN-Responsive Microglia",-184,0.577181208053691,"IRF1"
"IFN-Responsive Microglia",-183,0.524608501118568,"IRF1"
"IFN-Responsive Microglia",-182,0.589485458612975,"IRF1"
"IFN-Responsive Microglia",-181,0.588366890380313,"IRF1"
"IFN-Responsive Microglia",-180,0.51006711409396,"IRF1"
"IFN-Responsive Microglia",-179,0.549217002237136,"IRF1"
"IFN-Responsive Microglia",-178,0.542505592841163,"IRF1"
"IFN-Responsive Microglia",-177,0.557046979865772,"IRF1"
"IFN-Responsive Microglia",-176,0.585011185682327,"IRF1"
"IFN-Responsive Microglia",-175,0.583892617449664,"IRF1"
"IFN-Responsive Microglia",-174,0.546979865771812,"IRF1"
"IFN-Responsive Microglia",-173,0.488814317673378,"IRF1"
"IFN-Responsive Microglia",-172,0.557046979865772,"IRF1"
"IFN-Responsive Microglia",-171,0.513422818791946,"IRF1"
"IFN-Responsive Microglia",-170,0.540268456375839,"IRF1"
"IFN-Responsive Microglia",-169,0.540268456375839,"IRF1"
"IFN-Responsive Microglia",-168,0.578299776286353,"IRF1"
"IFN-Responsive Microglia",-167,0.586129753914989,"IRF1"
"IFN-Responsive Microglia",-166,0.543624161073825,"IRF1"
"IFN-Responsive Microglia",-165,0.48993288590604,"IRF1"
"IFN-Responsive Microglia",-164,0.468680089485459,"IRF1"
"IFN-Responsive Microglia",-163,0.597315436241611,"IRF1"
"IFN-Responsive Microglia",-162,0.507829977628635,"IRF1"
"IFN-Responsive Microglia",-161,0.55592841163311,"IRF1"
"IFN-Responsive Microglia",-160,0.552572706935123,"IRF1"
"IFN-Responsive Microglia",-159,0.492170022371365,"IRF1"
"IFN-Responsive Microglia",-158,0.540268456375839,"IRF1"
"IFN-Responsive Microglia",-157,0.583892617449664,"IRF1"
"IFN-Responsive Microglia",-156,0.508948545861298,"IRF1"
"IFN-Responsive Microglia",-155,0.539149888143177,"IRF1"
"IFN-Responsive Microglia",-154,0.53579418344519,"IRF1"
"IFN-Responsive Microglia",-153,0.562639821029083,"IRF1"
"IFN-Responsive Microglia",-152,0.539149888143177,"IRF1"
"IFN-Responsive Microglia",-151,0.506711409395973,"IRF1"
"IFN-Responsive Microglia",-150,0.48993288590604,"IRF1"
"IFN-Responsive Microglia",-149,0.540268456375839,"IRF1"
"IFN-Responsive Microglia",-148,0.654362416107383,"IRF1"
"IFN-Responsive Microglia",-147,0.541387024608501,"IRF1"
"IFN-Responsive Microglia",-146,0.532438478747204,"IRF1"
"IFN-Responsive Microglia",-145,0.548098434004474,"IRF1"
"IFN-Responsive Microglia",-144,0.506711409395973,"IRF1"
"IFN-Responsive Microglia",-143,0.595078299776286,"IRF1"
"IFN-Responsive Microglia",-142,0.53579418344519,"IRF1"
"IFN-Responsive Microglia",-141,0.532438478747204,"IRF1"
"IFN-Responsive Microglia",-140,0.512304250559284,"IRF1"
"IFN-Responsive Microglia",-139,0.544742729306488,"IRF1"
"IFN-Responsive Microglia",-138,0.596196868008949,"IRF1"
"IFN-Responsive Microglia",-137,0.568232662192394,"IRF1"
"IFN-Responsive Microglia",-136,0.5917225950783,"IRF1"
"IFN-Responsive Microglia",-135,0.532438478747204,"IRF1"
"IFN-Responsive Microglia",-134,0.562639821029083,"IRF1"
"IFN-Responsive Microglia",-133,0.610738255033557,"IRF1"
"IFN-Responsive Microglia",-132,0.560402684563758,"IRF1"
"IFN-Responsive Microglia",-131,0.628635346756152,"IRF1"
"IFN-Responsive Microglia",-130,0.63758389261745,"IRF1"
"IFN-Responsive Microglia",-129,0.602908277404922,"IRF1"
"IFN-Responsive Microglia",-128,0.586129753914989,"IRF1"
"IFN-Responsive Microglia",-127,0.599552572706935,"IRF1"
"IFN-Responsive Microglia",-126,0.565995525727069,"IRF1"
"IFN-Responsive Microglia",-125,0.551454138702461,"IRF1"
"IFN-Responsive Microglia",-124,0.563758389261745,"IRF1"
"IFN-Responsive Microglia",-123,0.586129753914989,"IRF1"
"IFN-Responsive Microglia",-122,0.589485458612975,"IRF1"
"IFN-Responsive Microglia",-121,0.645413870246085,"IRF1"
"IFN-Responsive Microglia",-120,0.560402684563758,"IRF1"
"IFN-Responsive Microglia",-119,0.570469798657718,"IRF1"
"IFN-Responsive Microglia",-118,0.58165548098434,"IRF1"
"IFN-Responsive Microglia",-117,0.541387024608501,"IRF1"
"IFN-Responsive Microglia",-116,0.628635346756152,"IRF1"
"IFN-Responsive Microglia",-115,0.661073825503356,"IRF1"
"IFN-Responsive Microglia",-114,0.671140939597315,"IRF1"
"IFN-Responsive Microglia",-113,0.567114093959732,"IRF1"
"IFN-Responsive Microglia",-112,0.574944071588367,"IRF1"
"IFN-Responsive Microglia",-111,0.578299776286353,"IRF1"
"IFN-Responsive Microglia",-110,0.616331096196868,"IRF1"
"IFN-Responsive Microglia",-109,0.730425055928412,"IRF1"
"IFN-Responsive Microglia",-108,0.691275167785235,"IRF1"
"IFN-Responsive Microglia",-107,0.74496644295302,"IRF1"
"IFN-Responsive Microglia",-106,0.527964205816555,"IRF1"
"IFN-Responsive Microglia",-105,0.640939597315436,"IRF1"
"IFN-Responsive Microglia",-104,0.62751677852349,"IRF1"
"IFN-Responsive Microglia",-103,0.662192393736018,"IRF1"
"IFN-Responsive Microglia",-102,0.682326621923937,"IRF1"
"IFN-Responsive Microglia",-101,0.611856823266219,"IRF1"
"IFN-Responsive Microglia",-100,0.570469798657718,"IRF1"
"IFN-Responsive Microglia",-99,0.592841163310962,"IRF1"
"IFN-Responsive Microglia",-98,0.60738255033557,"IRF1"
"IFN-Responsive Microglia",-97,0.619686800894855,"IRF1"
"IFN-Responsive Microglia",-96,0.616331096196868,"IRF1"
"IFN-Responsive Microglia",-95,0.671140939597315,"IRF1"
"IFN-Responsive Microglia",-94,0.583892617449664,"IRF1"
"IFN-Responsive Microglia",-93,0.60738255033557,"IRF1"
"IFN-Responsive Microglia",-92,0.675615212527964,"IRF1"
"IFN-Responsive Microglia",-91,0.628635346756152,"IRF1"
"IFN-Responsive Microglia",-90,0.608501118568233,"IRF1"
"IFN-Responsive Microglia",-89,0.605145413870246,"IRF1"
"IFN-Responsive Microglia",-88,0.631991051454139,"IRF1"
"IFN-Responsive Microglia",-87,0.598434004474273,"IRF1"
"IFN-Responsive Microglia",-86,0.645413870246085,"IRF1"
"IFN-Responsive Microglia",-85,0.590604026845638,"IRF1"
"IFN-Responsive Microglia",-84,0.625279642058166,"IRF1"
"IFN-Responsive Microglia",-83,0.655480984340045,"IRF1"
"IFN-Responsive Microglia",-82,0.676733780760626,"IRF1"
"IFN-Responsive Microglia",-81,0.666666666666667,"IRF1"
"IFN-Responsive Microglia",-80,0.626398210290828,"IRF1"
"IFN-Responsive Microglia",-79,0.60738255033557,"IRF1"
"IFN-Responsive Microglia",-78,0.569351230425056,"IRF1"
"IFN-Responsive Microglia",-77,0.611856823266219,"IRF1"
"IFN-Responsive Microglia",-76,0.713646532438479,"IRF1"
"IFN-Responsive Microglia",-75,0.609619686800895,"IRF1"
"IFN-Responsive Microglia",-74,0.5917225950783,"IRF1"
"IFN-Responsive Microglia",-73,0.643176733780761,"IRF1"
"IFN-Responsive Microglia",-72,0.599552572706935,"IRF1"
"IFN-Responsive Microglia",-71,0.658836689038031,"IRF1"
"IFN-Responsive Microglia",-70,0.717002237136465,"IRF1"
"IFN-Responsive Microglia",-69,0.619686800894855,"IRF1"
"IFN-Responsive Microglia",-68,0.658836689038031,"IRF1"
"IFN-Responsive Microglia",-67,0.585011185682327,"IRF1"
"IFN-Responsive Microglia",-66,0.717002237136465,"IRF1"
"IFN-Responsive Microglia",-65,0.631991051454139,"IRF1"
"IFN-Responsive Microglia",-64,0.723713646532439,"IRF1"
"IFN-Responsive Microglia",-63,0.705816554809843,"IRF1"
"IFN-Responsive Microglia",-62,0.582774049217002,"IRF1"
"IFN-Responsive Microglia",-61,0.668903803131991,"IRF1"
"IFN-Responsive Microglia",-60,0.718120805369127,"IRF1"
"IFN-Responsive Microglia",-59,0.687919463087248,"IRF1"
"IFN-Responsive Microglia",-58,0.611856823266219,"IRF1"
"IFN-Responsive Microglia",-57,0.701342281879195,"IRF1"
"IFN-Responsive Microglia",-56,0.668903803131991,"IRF1"
"IFN-Responsive Microglia",-55,0.63758389261745,"IRF1"
"IFN-Responsive Microglia",-54,0.676733780760626,"IRF1"
"IFN-Responsive Microglia",-53,0.676733780760626,"IRF1"
"IFN-Responsive Microglia",-52,0.651006711409396,"IRF1"
"IFN-Responsive Microglia",-51,0.696868008948546,"IRF1"
"IFN-Responsive Microglia",-50,0.73489932885906,"IRF1"
"IFN-Responsive Microglia",-49,0.672259507829978,"IRF1"
"IFN-Responsive Microglia",-48,0.658836689038031,"IRF1"
"IFN-Responsive Microglia",-47,0.725950782997763,"IRF1"
"IFN-Responsive Microglia",-46,0.710290827740492,"IRF1"
"IFN-Responsive Microglia",-45,0.67337807606264,"IRF1"
"IFN-Responsive Microglia",-44,0.648769574944072,"IRF1"
"IFN-Responsive Microglia",-43,0.68903803131991,"IRF1"
"IFN-Responsive Microglia",-42,0.718120805369127,"IRF1"
"IFN-Responsive Microglia",-41,0.752796420581656,"IRF1"
"IFN-Responsive Microglia",-40,0.724832214765101,"IRF1"
"IFN-Responsive Microglia",-39,0.736017897091723,"IRF1"
"IFN-Responsive Microglia",-38,0.63758389261745,"IRF1"
"IFN-Responsive Microglia",-37,0.700223713646532,"IRF1"
"IFN-Responsive Microglia",-36,0.696868008948546,"IRF1"
"IFN-Responsive Microglia",-35,0.777404921700224,"IRF1"
"IFN-Responsive Microglia",-34,0.598434004474273,"IRF1"
"IFN-Responsive Microglia",-33,0.738255033557047,"IRF1"
"IFN-Responsive Microglia",-32,0.66331096196868,"IRF1"
"IFN-Responsive Microglia",-31,0.711409395973154,"IRF1"
"IFN-Responsive Microglia",-30,0.73489932885906,"IRF1"
"IFN-Responsive Microglia",-29,0.710290827740492,"IRF1"
"IFN-Responsive Microglia",-28,0.656599552572707,"IRF1"
"IFN-Responsive Microglia",-27,0.749440715883669,"IRF1"
"IFN-Responsive Microglia",-26,0.813199105145414,"IRF1"
"IFN-Responsive Microglia",-25,0.778523489932886,"IRF1"
"IFN-Responsive Microglia",-24,0.665548098434004,"IRF1"
"IFN-Responsive Microglia",-23,0.681208053691275,"IRF1"
"IFN-Responsive Microglia",-22,0.700223713646532,"IRF1"
"IFN-Responsive Microglia",-21,0.747203579418344,"IRF1"
"IFN-Responsive Microglia",-20,0.808724832214765,"IRF1"
"IFN-Responsive Microglia",-19,0.730425055928412,"IRF1"
"IFN-Responsive Microglia",-18,0.646532438478747,"IRF1"
"IFN-Responsive Microglia",-17,0.606263982102908,"IRF1"
"IFN-Responsive Microglia",-16,0.618568232662192,"IRF1"
"IFN-Responsive Microglia",-15,0.483221476510067,"IRF1"
"IFN-Responsive Microglia",-14,0.553691275167785,"IRF1"
"IFN-Responsive Microglia",-13,0.449664429530201,"IRF1"
"IFN-Responsive Microglia",-12,0.453020134228188,"IRF1"
"IFN-Responsive Microglia",-11,0.487695749440716,"IRF1"
"IFN-Responsive Microglia",-10,0.36241610738255,"IRF1"
"IFN-Responsive Microglia",-9,0.324384787472036,"IRF1"
"IFN-Responsive Microglia",-8,0.321029082774049,"IRF1"
"IFN-Responsive Microglia",-7,0.270693512304251,"IRF1"
"IFN-Responsive Microglia",-6,0.202460850111857,"IRF1"
"IFN-Responsive Microglia",-5,0.364653243847875,"IRF1"
"IFN-Responsive Microglia",-4,0.282997762863535,"IRF1"
"IFN-Responsive Microglia",-3,0.248322147651007,"IRF1"
"IFN-Responsive Microglia",-2,0.205816554809843,"IRF1"
"IFN-Responsive Microglia",-1,0.151006711409396,"IRF1"
"IFN-Responsive Microglia",0,0.087248322147651,"IRF1"
"IFN-Responsive Microglia",1,0.257270693512304,"IRF1"
"IFN-Responsive Microglia",2,0.157718120805369,"IRF1"
"IFN-Responsive Microglia",3,0.345637583892617,"IRF1"
"IFN-Responsive Microglia",4,0.148769574944072,"IRF1"
"IFN-Responsive Microglia",5,0.29082774049217,"IRF1"
"IFN-Responsive Microglia",6,0.181208053691275,"IRF1"
"IFN-Responsive Microglia",7,0.291946308724832,"IRF1"
"IFN-Responsive Microglia",8,0.236017897091723,"IRF1"
"IFN-Responsive Microglia",9,0.389261744966443,"IRF1"
"IFN-Responsive Microglia",10,0.260626398210291,"IRF1"
"IFN-Responsive Microglia",11,0.425055928411633,"IRF1"
"IFN-Responsive Microglia",12,0.385906040268456,"IRF1"
"IFN-Responsive Microglia",13,0.463087248322148,"IRF1"
"IFN-Responsive Microglia",14,0.406040268456376,"IRF1"
"IFN-Responsive Microglia",15,0.479865771812081,"IRF1"
"IFN-Responsive Microglia",16,0.390380313199105,"IRF1"
"IFN-Responsive Microglia",17,0.550335570469799,"IRF1"
"IFN-Responsive Microglia",18,0.60738255033557,"IRF1"
"IFN-Responsive Microglia",19,0.633109619686801,"IRF1"
"IFN-Responsive Microglia",20,0.580536912751678,"IRF1"
"IFN-Responsive Microglia",21,0.599552572706935,"IRF1"
"IFN-Responsive Microglia",22,0.484340044742729,"IRF1"
"IFN-Responsive Microglia",23,0.66331096196868,"IRF1"
"IFN-Responsive Microglia",24,0.616331096196868,"IRF1"
"IFN-Responsive Microglia",25,0.687919463087248,"IRF1"
"IFN-Responsive Microglia",26,0.654362416107383,"IRF1"
"IFN-Responsive Microglia",27,0.635346756152125,"IRF1"
"IFN-Responsive Microglia",28,0.649888143176734,"IRF1"
"IFN-Responsive Microglia",29,0.573825503355705,"IRF1"
"IFN-Responsive Microglia",30,0.720357941834452,"IRF1"
"IFN-Responsive Microglia",31,0.674496644295302,"IRF1"
"IFN-Responsive Microglia",32,0.592841163310962,"IRF1"
"IFN-Responsive Microglia",33,0.640939597315436,"IRF1"
"IFN-Responsive Microglia",34,0.661073825503356,"IRF1"
"IFN-Responsive Microglia",35,0.701342281879195,"IRF1"
"IFN-Responsive Microglia",36,0.715883668903803,"IRF1"
"IFN-Responsive Microglia",37,0.677852348993289,"IRF1"
"IFN-Responsive Microglia",38,0.63758389261745,"IRF1"
"IFN-Responsive Microglia",39,0.655480984340045,"IRF1"
"IFN-Responsive Microglia",40,0.691275167785235,"IRF1"
"IFN-Responsive Microglia",41,0.60738255033557,"IRF1"
"IFN-Responsive Microglia",42,0.585011185682327,"IRF1"
"IFN-Responsive Microglia",43,0.621923937360179,"IRF1"
"IFN-Responsive Microglia",44,0.695749440715884,"IRF1"
"IFN-Responsive Microglia",45,0.598434004474273,"IRF1"
"IFN-Responsive Microglia",46,0.551454138702461,"IRF1"
"IFN-Responsive Microglia",47,0.542505592841163,"IRF1"
"IFN-Responsive Microglia",48,0.695749440715884,"IRF1"
"IFN-Responsive Microglia",49,0.600671140939597,"IRF1"
"IFN-Responsive Microglia",50,0.633109619686801,"IRF1"
"IFN-Responsive Microglia",51,0.628635346756152,"IRF1"
"IFN-Responsive Microglia",52,0.569351230425056,"IRF1"
"IFN-Responsive Microglia",53,0.582774049217002,"IRF1"
"IFN-Responsive Microglia",54,0.560402684563758,"IRF1"
"IFN-Responsive Microglia",55,0.550335570469799,"IRF1"
"IFN-Responsive Microglia",56,0.604026845637584,"IRF1"
"IFN-Responsive Microglia",57,0.589485458612975,"IRF1"
"IFN-Responsive Microglia",58,0.552572706935123,"IRF1"
"IFN-Responsive Microglia",59,0.611856823266219,"IRF1"
"IFN-Responsive Microglia",60,0.550335570469799,"IRF1"
"IFN-Responsive Microglia",61,0.494407158836689,"IRF1"
"IFN-Responsive Microglia",62,0.539149888143177,"IRF1"
"IFN-Responsive Microglia",63,0.488814317673378,"IRF1"
"IFN-Responsive Microglia",64,0.551454138702461,"IRF1"
"IFN-Responsive Microglia",65,0.491051454138702,"IRF1"
"IFN-Responsive Microglia",66,0.5917225950783,"IRF1"
"IFN-Responsive Microglia",67,0.588366890380313,"IRF1"
"IFN-Responsive Microglia",68,0.512304250559284,"IRF1"
"IFN-Responsive Microglia",69,0.498881431767338,"IRF1"
"IFN-Responsive Microglia",70,0.470917225950783,"IRF1"
"IFN-Responsive Microglia",71,0.494407158836689,"IRF1"
"IFN-Responsive Microglia",72,0.486577181208054,"IRF1"
"IFN-Responsive Microglia",73,0.570469798657718,"IRF1"
"IFN-Responsive Microglia",74,0.498881431767338,"IRF1"
"IFN-Responsive Microglia",75,0.456375838926175,"IRF1"
"IFN-Responsive Microglia",76,0.465324384787472,"IRF1"
"IFN-Responsive Microglia",77,0.486577181208054,"IRF1"
"IFN-Responsive Microglia",78,0.496644295302013,"IRF1"
"IFN-Responsive Microglia",79,0.45413870246085,"IRF1"
"IFN-Responsive Microglia",80,0.432885906040268,"IRF1"
"IFN-Responsive Microglia",81,0.44407158836689,"IRF1"
"IFN-Responsive Microglia",82,0.448545861297539,"IRF1"
"IFN-Responsive Microglia",83,0.508948545861298,"IRF1"
"IFN-Responsive Microglia",84,0.427293064876958,"IRF1"
"IFN-Responsive Microglia",85,0.459731543624161,"IRF1"
"IFN-Responsive Microglia",86,0.496644295302013,"IRF1"
"IFN-Responsive Microglia",87,0.512304250559284,"IRF1"
"IFN-Responsive Microglia",88,0.465324384787472,"IRF1"
"IFN-Responsive Microglia",89,0.534675615212528,"IRF1"
"IFN-Responsive Microglia",90,0.479865771812081,"IRF1"
"IFN-Responsive Microglia",91,0.400447427293065,"IRF1"
"IFN-Responsive Microglia",92,0.497762863534676,"IRF1"
"IFN-Responsive Microglia",93,0.450782997762864,"IRF1"
"IFN-Responsive Microglia",94,0.451901565995526,"IRF1"
"IFN-Responsive Microglia",95,0.449664429530201,"IRF1"
"IFN-Responsive Microglia",96,0.463087248322148,"IRF1"
"IFN-Responsive Microglia",97,0.387024608501119,"IRF1"
"IFN-Responsive Microglia",98,0.456375838926175,"IRF1"
"IFN-Responsive Microglia",99,0.437360178970917,"IRF1"
"IFN-Responsive Microglia",100,0.393736017897092,"IRF1"
"IFN-Responsive Microglia",101,0.487695749440716,"IRF1"
"IFN-Responsive Microglia",102,0.422818791946309,"IRF1"
"IFN-Responsive Microglia",103,0.476510067114094,"IRF1"
"IFN-Responsive Microglia",104,0.456375838926175,"IRF1"
"IFN-Responsive Microglia",105,0.508948545861298,"IRF1"
"IFN-Responsive Microglia",106,0.448545861297539,"IRF1"
"IFN-Responsive Microglia",107,0.45413870246085,"IRF1"
"IFN-Responsive Microglia",108,0.492170022371365,"IRF1"
"IFN-Responsive Microglia",109,0.458612975391499,"IRF1"
"IFN-Responsive Microglia",110,0.438478747203579,"IRF1"
"IFN-Responsive Microglia",111,0.437360178970917,"IRF1"
"IFN-Responsive Microglia",112,0.458612975391499,"IRF1"
"IFN-Responsive Microglia",113,0.501118568232662,"IRF1"
"IFN-Responsive Microglia",114,0.436241610738255,"IRF1"
"IFN-Responsive Microglia",115,0.498881431767338,"IRF1"
"IFN-Responsive Microglia",116,0.416107382550336,"IRF1"
"IFN-Responsive Microglia",117,0.426174496644295,"IRF1"
"IFN-Responsive Microglia",118,0.420581655480984,"IRF1"
"IFN-Responsive Microglia",119,0.478747203579418,"IRF1"
"IFN-Responsive Microglia",120,0.480984340044743,"IRF1"
"IFN-Responsive Microglia",121,0.456375838926175,"IRF1"
"IFN-Responsive Microglia",122,0.441834451901566,"IRF1"
"IFN-Responsive Microglia",123,0.450782997762864,"IRF1"
"IFN-Responsive Microglia",124,0.483221476510067,"IRF1"
"IFN-Responsive Microglia",125,0.440715883668904,"IRF1"
"IFN-Responsive Microglia",126,0.391498881431767,"IRF1"
"IFN-Responsive Microglia",127,0.469798657718121,"IRF1"
"IFN-Responsive Microglia",128,0.453020134228188,"IRF1"
"IFN-Responsive Microglia",129,0.435123042505593,"IRF1"
"IFN-Responsive Microglia",130,0.448545861297539,"IRF1"
"IFN-Responsive Microglia",131,0.449664429530201,"IRF1"
"IFN-Responsive Microglia",132,0.387024608501119,"IRF1"
"IFN-Responsive Microglia",133,0.416107382550336,"IRF1"
"IFN-Responsive Microglia",134,0.39261744966443,"IRF1"
"IFN-Responsive Microglia",135,0.461968680089485,"IRF1"
"IFN-Responsive Microglia",136,0.463087248322148,"IRF1"
"IFN-Responsive Microglia",137,0.446308724832215,"IRF1"
"IFN-Responsive Microglia",138,0.393736017897092,"IRF1"
"IFN-Responsive Microglia",139,0.483221476510067,"IRF1"
"IFN-Responsive Microglia",140,0.478747203579418,"IRF1"
"IFN-Responsive Microglia",141,0.459731543624161,"IRF1"
"IFN-Responsive Microglia",142,0.488814317673378,"IRF1"
"IFN-Responsive Microglia",143,0.429530201342282,"IRF1"
"IFN-Responsive Microglia",144,0.456375838926175,"IRF1"
"IFN-Responsive Microglia",145,0.401565995525727,"IRF1"
"IFN-Responsive Microglia",146,0.385906040268456,"IRF1"
"IFN-Responsive Microglia",147,0.38255033557047,"IRF1"
"IFN-Responsive Microglia",148,0.38255033557047,"IRF1"
"IFN-Responsive Microglia",149,0.423937360178971,"IRF1"
"IFN-Responsive Microglia",150,0.407158836689038,"IRF1"
"IFN-Responsive Microglia",151,0.41834451901566,"IRF1"
"IFN-Responsive Microglia",152,0.388143176733781,"IRF1"
"IFN-Responsive Microglia",153,0.414988814317673,"IRF1"
"IFN-Responsive Microglia",154,0.351230425055928,"IRF1"
"IFN-Responsive Microglia",155,0.460850111856823,"IRF1"
"IFN-Responsive Microglia",156,0.448545861297539,"IRF1"
"IFN-Responsive Microglia",157,0.435123042505593,"IRF1"
"IFN-Responsive Microglia",158,0.388143176733781,"IRF1"
"IFN-Responsive Microglia",159,0.344519015659955,"IRF1"
"IFN-Responsive Microglia",160,0.395973154362416,"IRF1"
"IFN-Responsive Microglia",161,0.414988814317673,"IRF1"
"IFN-Responsive Microglia",162,0.469798657718121,"IRF1"
"IFN-Responsive Microglia",163,0.453020134228188,"IRF1"
"IFN-Responsive Microglia",164,0.423937360178971,"IRF1"
"IFN-Responsive Microglia",165,0.407158836689038,"IRF1"
"IFN-Responsive Microglia",166,0.478747203579418,"IRF1"
"IFN-Responsive Microglia",167,0.456375838926175,"IRF1"
"IFN-Responsive Microglia",168,0.401565995525727,"IRF1"
"IFN-Responsive Microglia",169,0.365771812080537,"IRF1"
"IFN-Responsive Microglia",170,0.473154362416107,"IRF1"
"IFN-Responsive Microglia",171,0.427293064876958,"IRF1"
"IFN-Responsive Microglia",172,0.427293064876958,"IRF1"
"IFN-Responsive Microglia",173,0.38255033557047,"IRF1"
"IFN-Responsive Microglia",174,0.390380313199105,"IRF1"
"IFN-Responsive Microglia",175,0.430648769574944,"IRF1"
"IFN-Responsive Microglia",176,0.409395973154362,"IRF1"
"IFN-Responsive Microglia",177,0.400447427293065,"IRF1"
"IFN-Responsive Microglia",178,0.385906040268456,"IRF1"
"IFN-Responsive Microglia",179,0.363534675615213,"IRF1"
"IFN-Responsive Microglia",180,0.4082774049217,"IRF1"
"IFN-Responsive Microglia",181,0.439597315436242,"IRF1"
"IFN-Responsive Microglia",182,0.429530201342282,"IRF1"
"IFN-Responsive Microglia",183,0.426174496644295,"IRF1"
"IFN-Responsive Microglia",184,0.376957494407159,"IRF1"
"IFN-Responsive Microglia",185,0.437360178970917,"IRF1"
"IFN-Responsive Microglia",186,0.4082774049217,"IRF1"
"IFN-Responsive Microglia",187,0.44407158836689,"IRF1"
"IFN-Responsive Microglia",188,0.381431767337808,"IRF1"
"IFN-Responsive Microglia",189,0.387024608501119,"IRF1"
"IFN-Responsive Microglia",190,0.360178970917226,"IRF1"
"IFN-Responsive Microglia",191,0.401565995525727,"IRF1"
"IFN-Responsive Microglia",192,0.369127516778524,"IRF1"
"IFN-Responsive Microglia",193,0.407158836689038,"IRF1"
"IFN-Responsive Microglia",194,0.417225950782998,"IRF1"
"IFN-Responsive Microglia",195,0.413870246085011,"IRF1"
"IFN-Responsive Microglia",196,0.371364653243848,"IRF1"
"IFN-Responsive Microglia",197,0.470917225950783,"IRF1"
"IFN-Responsive Microglia",198,0.413870246085011,"IRF1"
"IFN-Responsive Microglia",199,0.482102908277405,"IRF1"
"IFN-Responsive Microglia",200,0.419463087248322,"IRF1"
"IFN-Responsive Microglia",201,0.390380313199105,"IRF1"
"IFN-Responsive Microglia",202,0.395973154362416,"IRF1"
"IFN-Responsive Microglia",203,0.411633109619687,"IRF1"
"IFN-Responsive Microglia",204,0.407158836689038,"IRF1"
"IFN-Responsive Microglia",205,0.395973154362416,"IRF1"
"IFN-Responsive Microglia",206,0.450782997762864,"IRF1"
"IFN-Responsive Microglia",207,0.442953020134228,"IRF1"
"IFN-Responsive Microglia",208,0.422818791946309,"IRF1"
"IFN-Responsive Microglia",209,0.436241610738255,"IRF1"
"IFN-Responsive Microglia",210,0.469798657718121,"IRF1"
"IFN-Responsive Microglia",211,0.468680089485459,"IRF1"
"IFN-Responsive Microglia",212,0.469798657718121,"IRF1"
"IFN-Responsive Microglia",213,0.420581655480984,"IRF1"
"IFN-Responsive Microglia",214,0.412751677852349,"IRF1"
"IFN-Responsive Microglia",215,0.449664429530201,"IRF1"
"IFN-Responsive Microglia",216,0.468680089485459,"IRF1"
"IFN-Responsive Microglia",217,0.457494407158837,"IRF1"
"IFN-Responsive Microglia",218,0.434004474272931,"IRF1"
"IFN-Responsive Microglia",219,0.446308724832215,"IRF1"
"IFN-Responsive Microglia",220,0.442953020134228,"IRF1"
"IFN-Responsive Microglia",221,0.458612975391499,"IRF1"
"IFN-Responsive Microglia",222,0.412751677852349,"IRF1"
"IFN-Responsive Microglia",223,0.465324384787472,"IRF1"
"IFN-Responsive Microglia",224,0.417225950782998,"IRF1"
"IFN-Responsive Microglia",225,0.44407158836689,"IRF1"
"IFN-Responsive Microglia",226,0.446308724832215,"IRF1"
"IFN-Responsive Microglia",227,0.472035794183445,"IRF1"
"IFN-Responsive Microglia",228,0.427293064876958,"IRF1"
"IFN-Responsive Microglia",229,0.445190156599553,"IRF1"
"IFN-Responsive Microglia",230,0.390380313199105,"IRF1"
"IFN-Responsive Microglia",231,0.477628635346756,"IRF1"
"IFN-Responsive Microglia",232,0.495525727069351,"IRF1"
"IFN-Responsive Microglia",233,0.498881431767338,"IRF1"
"IFN-Responsive Microglia",234,0.446308724832215,"IRF1"
"IFN-Responsive Microglia",235,0.451901565995526,"IRF1"
"IFN-Responsive Microglia",236,0.420581655480984,"IRF1"
"IFN-Responsive Microglia",237,0.496644295302013,"IRF1"
"IFN-Responsive Microglia",238,0.469798657718121,"IRF1"
"IFN-Responsive Microglia",239,0.432885906040268,"IRF1"
"IFN-Responsive Microglia",240,0.487695749440716,"IRF1"
"IFN-Responsive Microglia",241,0.423937360178971,"IRF1"
"IFN-Responsive Microglia",242,0.422818791946309,"IRF1"
"IFN-Responsive Microglia",243,0.442953020134228,"IRF1"
"IFN-Responsive Microglia",244,0.437360178970917,"IRF1"
"IFN-Responsive Microglia",245,0.478747203579418,"IRF1"
"IFN-Responsive Microglia",246,0.457494407158837,"IRF1"
"IFN-Responsive Microglia",247,0.458612975391499,"IRF1"
"IFN-Responsive Microglia",248,0.517897091722595,"IRF1"
"IFN-Responsive Microglia",249,0.504474272930649,"IRF1"
"IFN-Responsive Microglia",250,0.512304250559284,"IRF1"
"IFN-Responsive Microglia",251,0.479865771812081,"IRF1"
"IFN-Responsive Microglia",252,0.473154362416107,"IRF1"
"IFN-Responsive Microglia",253,0.412751677852349,"IRF1"
"IFN-Responsive Microglia",254,0.511185682326622,"IRF1"
"IFN-Responsive Microglia",255,0.483221476510067,"IRF1"
"IFN-Responsive Microglia",256,0.45413870246085,"IRF1"
"IFN-Responsive Microglia",257,0.498881431767338,"IRF1"
"IFN-Responsive Microglia",258,0.438478747203579,"IRF1"
"IFN-Responsive Microglia",259,0.328859060402685,"IRF1"
"IFN-Responsive Microglia",260,0.325503355704698,"IRF1"
"IFN-Responsive Microglia",261,0.302013422818792,"IRF1"
